timestamp,source,prediction,label,confidence,latency_ms,cpu_percent,memory_mb,total_requests
2026-04-22T18:47:17.696078,attacker,3,DDoS_TCP,0.0667,1.51,0.0,395.69,1
2026-04-22T18:47:18.212864,attacker,6,MITM,0.0667,0.48,6.3,395.69,2
2026-04-22T18:47:18.675268,water-sensor,6,MITM,0.0667,0.46,21.7,395.69,3
2026-04-22T18:47:18.734191,attacker,2,DDoS_ICMP,0.0667,0.91,14.9,395.69,4
2026-04-22T18:47:19.255535,attacker,0,Backdoor,0.0667,0.45,15.0,395.69,5
2026-04-22T18:47:19.693166,water-sensor,7,Normal,0.0667,0.20,14.9,395.69,6
2026-04-22T18:47:19.776757,attacker,13,Vulnerability_scanner,0.0667,0.45,4.5,395.69,7
2026-04-22T18:47:20.303543,attacker,0,Backdoor,0.0667,0.53,15.2,395.69,8
2026-04-22T18:47:20.712338,water-sensor,9,Port_Scanning,0.0667,0.40,18.9,395.69,9
2026-04-22T18:47:20.837845,attacker,9,Port_Scanning,0.0667,0.37,18.0,395.69,10
2026-04-22T18:47:21.365227,attacker,5,Fingerprinting,0.0667,0.55,6.7,395.69,11
2026-04-22T18:47:21.735606,water-sensor,6,MITM,0.0667,0.37,17.6,395.69,12
2026-04-22T18:47:21.894652,attacker,11,SQL_injection,0.0667,0.65,17.7,395.69,13
2026-04-22T18:47:22.416873,attacker,4,DDoS_UDP,0.0667,0.47,9.7,395.69,14
2026-04-22T18:47:22.762729,water-sensor,8,Password,0.0667,0.86,11.6,395.69,15
2026-04-22T18:47:22.929919,attacker,5,Fingerprinting,0.0667,0.23,13.5,395.69,16
2026-04-22T18:47:23.448954,attacker,11,SQL_injection,0.0667,0.44,17.5,395.69,17
2026-04-22T18:47:23.795996,water-sensor,1,DDoS_HTTP,0.0667,0.38,5.9,395.69,18
2026-04-22T18:47:23.971599,attacker,5,Fingerprinting,0.0667,0.43,5.0,395.69,19
2026-04-22T18:47:24.493356,attacker,7,Normal,0.0667,0.61,8.7,395.69,20
2026-04-22T18:47:24.814377,water-sensor,3,DDoS_TCP,0.0667,0.32,12.2,395.69,21
2026-04-22T18:47:25.018583,attacker,11,SQL_injection,0.0667,0.26,4.9,395.69,22
2026-04-22T18:47:25.532313,attacker,5,Fingerprinting,0.0667,0.22,7.3,395.69,23
2026-04-22T18:47:25.830652,water-sensor,11,SQL_injection,0.0667,0.21,10.1,395.69,24
2026-04-22T18:47:26.056065,attacker,11,SQL_injection,0.0667,0.61,27.5,395.69,25
2026-04-22T18:47:26.579421,attacker,10,Ransomware,0.0667,0.39,28.3,395.69,26
2026-04-22T18:47:26.849681,water-sensor,2,DDoS_ICMP,0.0667,0.23,4.1,395.69,27
2026-04-22T18:47:27.099731,attacker,2,DDoS_ICMP,0.0667,0.45,5.0,395.69,28
2026-04-22T18:47:27.624323,attacker,8,Password,0.0667,0.58,11.1,395.69,29
2026-04-22T18:47:27.874476,water-sensor,4,DDoS_UDP,0.0667,0.64,14.8,395.69,30
2026-04-22T18:47:28.146951,attacker,13,Vulnerability_scanner,0.0667,0.41,12.0,395.69,31
2026-04-22T18:47:28.783368,attacker,7,Normal,0.0667,0.34,17.8,395.69,32
2026-04-22T18:47:29.023078,water-sensor,8,Password,0.0667,0.69,26.2,395.69,33
2026-04-22T18:47:29.303134,attacker,3,DDoS_TCP,0.0667,0.42,20.2,395.69,34
2026-04-22T18:47:29.824849,attacker,6,MITM,0.0667,0.38,7.5,395.69,35
2026-04-22T18:47:30.045754,water-sensor,5,Fingerprinting,0.0667,0.46,2.3,395.69,36
2026-04-22T18:47:30.338016,attacker,2,DDoS_ICMP,0.0667,0.15,6.0,395.69,37
2026-04-22T18:47:30.858030,attacker,10,Ransomware,0.0667,0.53,8.7,395.69,38
2026-04-22T18:47:31.067520,water-sensor,11,SQL_injection,0.0667,0.62,18.7,395.69,39
2026-04-22T18:47:31.380465,attacker,6,MITM,0.0667,0.52,13.8,395.69,40
2026-04-22T18:47:31.905480,attacker,5,Fingerprinting,0.0667,0.24,9.9,395.69,41
2026-04-22T18:47:32.091114,water-sensor,10,Ransomware,0.0667,0.39,5.4,395.69,42
2026-04-22T18:47:32.429207,attacker,4,DDoS_UDP,0.0667,0.46,3.7,395.69,43
2026-04-22T18:47:32.949186,attacker,5,Fingerprinting,0.0667,0.39,13.2,395.69,44
2026-04-22T18:47:33.116736,water-sensor,7,Normal,0.0667,0.38,27.4,395.69,45
2026-04-22T18:47:33.466425,attacker,12,Uploading,0.0667,0.33,16.9,395.69,46
2026-04-22T18:47:33.987663,attacker,12,Uploading,0.0667,0.47,8.5,395.69,47
2026-04-22T18:47:34.146734,water-sensor,13,Vulnerability_scanner,0.0667,0.74,4.8,395.69,48
2026-04-22T18:47:34.509533,attacker,8,Password,0.0667,0.25,6.3,395.69,49
2026-04-22T18:47:35.038191,attacker,13,Vulnerability_scanner,0.0667,0.57,13.3,395.69,50
2026-04-22T18:47:35.178375,water-sensor,8,Password,0.0667,0.53,25.5,395.69,51
2026-04-22T18:47:35.569946,attacker,12,Uploading,0.0667,0.52,18.1,395.69,52
2026-04-22T18:47:36.099616,attacker,8,Password,0.0667,0.54,5.5,395.69,53
2026-04-22T18:47:36.214558,water-sensor,6,MITM,0.0667,0.79,10.0,395.69,54
2026-04-22T18:47:36.616113,attacker,11,SQL_injection,0.0667,0.22,32.8,395.69,55
2026-04-22T18:47:37.136711,attacker,2,DDoS_ICMP,0.0667,0.38,22.3,395.69,56
2026-04-22T18:47:37.247439,water-sensor,10,Ransomware,0.0667,0.37,8.1,395.69,57
2026-04-22T18:47:37.661572,attacker,1,DDoS_HTTP,0.0667,0.38,17.6,395.69,58
2026-04-22T18:47:38.187010,attacker,7,Normal,0.0667,0.48,15.9,395.69,59
2026-04-22T18:47:38.276641,water-sensor,14,XSS,0.0667,0.31,8.7,395.69,60
2026-04-22T18:47:38.711763,attacker,8,Password,0.0667,0.41,8.6,395.69,61
2026-04-22T18:47:39.240896,attacker,11,SQL_injection,0.0667,0.34,24.4,395.69,62
2026-04-22T18:47:39.299340,water-sensor,12,Uploading,0.0667,0.46,11.1,395.69,63
2026-04-22T18:47:39.754961,attacker,3,DDoS_TCP,0.0667,0.20,11.3,395.69,64
2026-04-22T18:47:40.273912,attacker,9,Port_Scanning,0.0667,0.68,3.1,395.69,65
2026-04-22T18:47:40.323834,water-sensor,12,Uploading,0.0667,0.57,10.5,395.69,66
2026-04-22T18:47:40.799093,attacker,6,MITM,0.0667,0.23,10.1,395.69,67
2026-04-22T18:47:41.320451,attacker,9,Port_Scanning,0.0667,0.38,14.3,395.69,68
2026-04-22T18:47:41.345529,water-sensor,4,DDoS_UDP,0.0667,0.43,17.6,395.69,69
2026-04-22T18:47:41.839989,attacker,0,Backdoor,0.0667,0.23,15.1,395.69,70
2026-04-22T18:47:42.359275,attacker,5,Fingerprinting,0.0667,0.48,3.4,395.69,71
2026-04-22T18:47:42.370376,water-sensor,5,Fingerprinting,0.0667,0.37,0.0,395.82,72
2026-04-22T18:47:42.886308,attacker,13,Vulnerability_scanner,0.0667,0.58,10.7,395.82,73
2026-04-22T18:47:43.390805,water-sensor,7,Normal,0.0667,0.35,15.3,395.82,74
2026-04-22T18:47:43.406969,attacker,0,Backdoor,0.0667,0.44,38.5,395.82,75
2026-04-22T18:47:43.924607,attacker,10,Ransomware,0.0667,0.21,10.0,395.82,76
2026-04-22T18:47:44.408594,water-sensor,5,Fingerprinting,0.0667,0.34,3.4,395.82,77
2026-04-22T18:47:44.442554,attacker,3,DDoS_TCP,0.0667,0.33,11.1,395.82,78
2026-04-22T18:47:44.959187,attacker,11,SQL_injection,0.0667,0.42,10.2,395.82,79
2026-04-22T18:47:45.427853,water-sensor,7,Normal,0.0667,0.35,17.3,395.82,80
2026-04-22T18:47:45.482176,attacker,9,Port_Scanning,0.0667,0.41,19.0,395.82,81
2026-04-22T18:47:46.007007,attacker,6,MITM,0.0667,0.37,11.3,395.82,82
2026-04-22T18:47:46.441120,water-sensor,9,Port_Scanning,0.0667,0.17,27.9,395.82,83
2026-04-22T18:47:46.532480,attacker,5,Fingerprinting,0.0667,0.15,59.4,395.82,84
2026-04-22T18:47:47.049644,attacker,5,Fingerprinting,0.0667,0.37,9.8,395.82,85
2026-04-22T18:47:47.458497,water-sensor,12,Uploading,0.0667,0.67,17.1,395.82,86
2026-04-22T18:47:47.580904,attacker,10,Ransomware,0.0667,0.43,40.8,395.82,87
2026-04-22T18:47:48.104136,attacker,3,DDoS_TCP,0.0667,0.49,7.2,395.82,88
2026-04-22T18:47:48.480827,water-sensor,5,Fingerprinting,0.0667,0.41,4.6,395.82,89
2026-04-22T18:47:48.626029,attacker,3,DDoS_TCP,0.0667,0.35,33.0,395.82,90
2026-04-22T18:47:49.159106,attacker,10,Ransomware,0.0667,0.61,13.3,395.82,91
2026-04-22T18:47:49.498034,water-sensor,1,DDoS_HTTP,0.0667,0.21,17.8,395.82,92
2026-04-22T18:47:49.687318,attacker,7,Normal,0.0667,0.55,4.7,395.82,93
2026-04-22T18:47:50.210329,attacker,8,Password,0.0667,0.45,3.1,395.82,94
2026-04-22T18:47:50.534068,water-sensor,13,Vulnerability_scanner,0.0667,0.64,11.6,395.82,95
2026-04-22T18:47:50.723279,attacker,12,Uploading,0.0667,0.19,9.9,395.82,96
2026-04-22T18:47:51.240298,attacker,1,DDoS_HTTP,0.0667,0.22,14.4,395.82,97
2026-04-22T18:47:51.560841,water-sensor,4,DDoS_UDP,0.0667,0.41,16.3,395.82,98
2026-04-22T18:47:51.759501,attacker,12,Uploading,0.0667,0.23,11.2,395.82,99
2026-04-22T18:47:52.278078,attacker,9,Port_Scanning,0.0667,0.23,2.7,395.82,100
2026-04-22T18:47:52.583807,water-sensor,5,Fingerprinting,0.0667,0.47,8.7,395.82,101
2026-04-22T18:47:52.794955,attacker,14,XSS,0.0667,0.33,4.8,395.82,102
2026-04-22T18:47:53.315266,attacker,9,Port_Scanning,0.0667,0.21,13.6,395.82,103
2026-04-22T18:47:53.604931,water-sensor,1,DDoS_HTTP,0.0667,0.34,21.6,395.82,104
2026-04-22T18:47:53.835658,attacker,2,DDoS_ICMP,0.0667,0.37,6.0,395.82,105
2026-04-22T18:47:54.357230,attacker,4,DDoS_UDP,0.0667,0.36,3.6,395.82,106
2026-04-22T18:47:54.625994,water-sensor,13,Vulnerability_scanner,0.0667,0.21,9.7,395.82,107
2026-04-22T18:47:54.876744,attacker,7,Normal,0.0667,0.33,20.6,395.82,108
2026-04-22T18:47:55.398778,attacker,12,Uploading,0.0667,0.24,21.0,395.82,109
2026-04-22T18:47:55.646593,water-sensor,6,MITM,0.0667,0.36,21.4,395.82,110
2026-04-22T18:47:55.922618,attacker,5,Fingerprinting,0.0667,0.72,3.7,395.82,111
2026-04-22T18:47:56.441893,attacker,4,DDoS_UDP,0.0667,0.64,26.1,395.82,112
2026-04-22T18:47:56.666340,water-sensor,0,Backdoor,0.0667,0.44,16.1,395.82,113
2026-04-22T18:47:56.963408,attacker,3,DDoS_TCP,0.0667,0.48,9.1,395.82,114
2026-04-22T18:47:57.487162,attacker,4,DDoS_UDP,0.0667,0.56,18.3,395.82,115
2026-04-22T18:47:57.687013,water-sensor,5,Fingerprinting,0.0667,0.21,20.9,395.82,116
2026-04-22T18:47:58.014527,attacker,10,Ransomware,0.0667,0.38,5.7,395.82,117
2026-04-22T18:47:58.547626,attacker,3,DDoS_TCP,0.0667,0.34,14.6,395.82,118
2026-04-22T18:47:58.837817,water-sensor,7,Normal,0.0667,0.49,9.2,395.82,119
2026-04-22T18:47:59.189967,attacker,0,Backdoor,0.0667,0.26,15.8,395.82,120
2026-04-22T18:47:59.704897,attacker,8,Password,0.0667,0.62,13.7,395.82,121
2026-04-22T18:47:59.867733,water-sensor,0,Backdoor,0.0667,0.54,5.5,395.82,122
2026-04-22T18:48:00.227739,attacker,14,XSS,0.0667,0.23,3.8,395.82,123
2026-04-22T18:48:00.753030,attacker,6,MITM,0.0667,0.88,8.3,395.82,124
2026-04-22T18:48:00.894560,water-sensor,14,XSS,0.0667,0.26,8.8,395.82,125
2026-04-22T18:48:01.271301,attacker,13,Vulnerability_scanner,0.0667,0.50,16.0,395.82,126
2026-04-22T18:48:01.789816,attacker,0,Backdoor,0.0667,0.22,17.7,395.82,127
2026-04-22T18:48:01.922575,water-sensor,13,Vulnerability_scanner,0.0667,0.33,30.5,395.82,128
2026-04-22T18:48:02.308309,attacker,2,DDoS_ICMP,0.0667,0.43,21.5,395.82,129
2026-04-22T18:48:02.835270,attacker,1,DDoS_HTTP,0.0667,0.39,5.3,395.82,130
2026-04-22T18:48:02.950004,water-sensor,5,Fingerprinting,0.0667,0.97,9.8,395.82,131
2026-04-22T18:48:03.351505,attacker,7,Normal,0.0667,0.22,16.5,395.82,132
2026-04-22T18:48:03.862538,attacker,1,DDoS_HTTP,0.0667,0.19,51.7,395.82,133
2026-04-22T18:48:03.967101,water-sensor,14,XSS,0.0667,0.22,54.9,395.82,134
2026-04-22T18:48:04.397098,attacker,8,Password,0.0667,0.83,7.9,395.82,135
2026-04-22T18:48:04.927451,attacker,7,Normal,0.0667,0.38,8.1,395.82,136
2026-04-22T18:48:04.992489,water-sensor,5,Fingerprinting,0.0667,0.68,24.5,395.82,137
2026-04-22T18:48:05.439722,attacker,10,Ransomware,0.0667,0.16,31.1,395.82,138
2026-04-22T18:48:05.959839,attacker,10,Ransomware,0.0667,0.66,10.7,395.82,139
2026-04-22T18:48:06.024230,water-sensor,6,MITM,0.0667,0.23,6.0,395.82,140
2026-04-22T18:48:06.482540,attacker,3,DDoS_TCP,0.0667,0.16,20.5,395.82,141
2026-04-22T18:48:07.025762,attacker,14,XSS,0.0667,0.89,33.4,395.82,142
2026-04-22T18:48:07.048147,water-sensor,14,XSS,0.0667,0.37,29.4,395.82,143
2026-04-22T18:48:07.544745,attacker,0,Backdoor,0.0667,0.35,22.3,395.82,144
2026-04-22T18:48:08.065594,attacker,6,MITM,0.0667,0.49,12.3,395.82,145
2026-04-22T18:48:08.082156,water-sensor,6,MITM,0.0667,0.42,14.8,395.82,146
2026-04-22T18:48:08.587334,attacker,0,Backdoor,0.0667,0.32,3.5,395.82,147
2026-04-22T18:48:09.117271,attacker,0,Backdoor,0.0667,0.39,13.7,395.82,149
2026-04-22T18:48:09.117964,water-sensor,2,DDoS_ICMP,0.0667,0.68,9.1,395.82,149
2026-04-22T18:48:09.634230,attacker,0,Backdoor,0.0667,0.27,21.3,395.82,150
2026-04-22T18:48:10.148489,water-sensor,8,Password,0.0667,0.51,4.4,395.82,151
2026-04-22T18:48:10.160906,attacker,7,Normal,0.0667,0.39,13.0,395.82,152
2026-04-22T18:48:10.693213,attacker,3,DDoS_TCP,0.0667,0.58,10.1,395.82,153
2026-04-22T18:48:11.178658,water-sensor,11,SQL_injection,0.0667,0.46,9.3,395.82,154
2026-04-22T18:48:11.216765,attacker,11,SQL_injection,0.0667,1.21,7.4,395.82,155
2026-04-22T18:48:11.730746,attacker,11,SQL_injection,0.0667,0.11,14.6,395.82,156
2026-04-22T18:48:12.193438,water-sensor,4,DDoS_UDP,0.0667,0.25,9.1,395.82,157
2026-04-22T18:48:12.241180,attacker,4,DDoS_UDP,0.0667,0.20,13.5,395.82,158
2026-04-22T18:48:12.764762,attacker,14,XSS,0.0667,0.40,11.0,395.82,159
2026-04-22T18:48:13.213911,water-sensor,12,Uploading,0.0667,0.39,9.1,395.82,160
2026-04-22T18:48:13.291059,attacker,2,DDoS_ICMP,0.0667,0.60,27.9,395.82,161
2026-04-22T18:48:13.806553,attacker,1,DDoS_HTTP,0.0667,0.26,22.6,395.82,162
2026-04-22T18:48:14.237868,water-sensor,14,XSS,0.0667,0.23,4.7,395.82,163
2026-04-22T18:48:14.322561,attacker,11,SQL_injection,0.0667,0.33,4.5,395.82,164
2026-04-22T18:48:14.841435,attacker,0,Backdoor,0.0667,0.38,6.4,395.82,165
2026-04-22T18:48:15.256969,water-sensor,10,Ransomware,0.0667,0.34,8.6,395.82,166
2026-04-22T18:48:15.364909,attacker,6,MITM,0.0667,0.51,33.7,395.82,167
2026-04-22T18:48:15.889598,attacker,9,Port_Scanning,0.0667,0.58,16.8,395.82,168
2026-04-22T18:48:16.281499,water-sensor,2,DDoS_ICMP,0.0667,0.65,3.5,395.82,169
2026-04-22T18:48:16.402467,attacker,2,DDoS_ICMP,0.0667,0.20,27.1,395.82,170
2026-04-22T18:48:16.921131,attacker,10,Ransomware,0.0667,0.63,23.3,395.82,171
2026-04-22T18:48:17.306448,water-sensor,14,XSS,0.0667,0.38,14.5,395.82,172
2026-04-22T18:48:17.441745,attacker,8,Password,0.0667,0.40,24.8,395.82,173
2026-04-22T18:48:17.963701,attacker,9,Port_Scanning,0.0667,0.29,11.2,395.82,174
2026-04-22T18:48:18.321079,water-sensor,8,Password,0.0667,0.18,10.6,395.82,175
2026-04-22T18:48:18.486025,attacker,4,DDoS_UDP,0.0667,0.46,6.1,395.82,176
2026-04-22T18:48:19.006457,attacker,5,Fingerprinting,0.0667,0.38,13.3,395.82,177
2026-04-22T18:48:19.337782,water-sensor,7,Normal,0.0667,0.35,15.4,395.82,178
2026-04-22T18:48:19.540980,attacker,1,DDoS_HTTP,0.0667,0.70,9.9,395.82,179
2026-04-22T18:48:20.062382,attacker,9,Port_Scanning,0.0667,0.33,10.8,395.82,180
2026-04-22T18:48:20.359454,water-sensor,13,Vulnerability_scanner,0.0667,0.43,13.1,395.82,181
2026-04-22T18:48:20.580774,attacker,4,DDoS_UDP,0.0667,0.33,9.1,395.82,182
2026-04-22T18:48:21.100131,attacker,0,Backdoor,0.0667,0.48,19.3,395.82,183
2026-04-22T18:48:21.377481,water-sensor,2,DDoS_ICMP,0.0667,0.33,14.9,395.82,184
2026-04-22T18:48:21.622938,attacker,6,MITM,0.0667,0.42,8.6,395.82,185
2026-04-22T18:48:22.141720,attacker,10,Ransomware,0.0667,0.34,7.3,395.82,186
2026-04-22T18:48:22.393280,water-sensor,14,XSS,0.0667,0.20,13.4,395.82,187
2026-04-22T18:48:22.660577,attacker,5,Fingerprinting,0.0667,0.43,7.1,395.82,188
2026-04-22T18:48:23.178020,attacker,9,Port_Scanning,0.0667,0.30,6.1,395.82,189
2026-04-22T18:48:23.410275,water-sensor,10,Ransomware,0.0667,0.33,15.0,395.82,190
2026-04-22T18:48:23.696775,attacker,13,Vulnerability_scanner,0.0667,0.42,8.0,395.82,191
2026-04-22T18:48:24.218197,attacker,8,Password,0.0667,1.12,7.2,395.82,192
2026-04-22T18:48:24.430213,water-sensor,3,DDoS_TCP,0.0667,0.55,15.2,395.82,193
2026-04-22T18:48:24.732632,attacker,7,Normal,0.0667,0.20,14.5,395.82,194
2026-04-22T18:48:25.249892,attacker,4,DDoS_UDP,0.0667,0.38,9.8,395.82,195
2026-04-22T18:48:25.456584,water-sensor,14,XSS,0.0667,0.50,12.8,395.82,196
2026-04-22T18:48:25.765368,attacker,0,Backdoor,0.0667,0.23,15.3,395.82,197
2026-04-22T18:48:26.281877,attacker,9,Port_Scanning,0.0667,0.17,30.7,395.82,198
2026-04-22T18:48:26.480758,water-sensor,10,Ransomware,0.0667,0.49,30.5,395.82,199
2026-04-22T18:48:26.799569,attacker,3,DDoS_TCP,0.0667,0.49,11.3,395.82,200
2026-04-22T18:48:27.330251,attacker,12,Uploading,0.0667,0.64,13.3,395.82,201
2026-04-22T18:48:27.502427,water-sensor,14,XSS,0.0667,0.23,20.0,395.82,202
2026-04-22T18:48:27.862288,attacker,3,DDoS_TCP,0.0667,0.52,13.1,395.82,203
2026-04-22T18:48:28.400604,attacker,8,Password,0.0667,0.37,15.7,395.82,204
2026-04-22T18:48:28.524929,water-sensor,0,Backdoor,0.0667,0.61,5.0,395.82,205
2026-04-22T18:48:29.049365,attacker,7,Normal,0.0667,0.42,11.9,395.82,206
2026-04-22T18:48:29.566492,attacker,2,DDoS_ICMP,0.0667,0.11,12.5,395.82,207
2026-04-22T18:48:29.668648,water-sensor,13,Vulnerability_scanner,0.0667,0.54,13.8,395.82,208
2026-04-22T18:48:30.084980,attacker,0,Backdoor,0.0667,0.39,15.1,395.82,209
2026-04-22T18:48:30.606971,attacker,14,XSS,0.0667,0.59,13.3,395.82,210
2026-04-22T18:48:30.693799,water-sensor,14,XSS,0.0667,0.24,7.1,395.82,211
2026-04-22T18:48:31.133165,attacker,11,SQL_injection,0.0667,0.39,12.3,395.82,212
2026-04-22T18:48:31.654877,attacker,6,MITM,0.0667,0.24,12.3,395.82,213
2026-04-22T18:48:31.722268,water-sensor,8,Password,0.0667,0.38,5.8,395.82,214
2026-04-22T18:48:32.177613,attacker,0,Backdoor,0.0667,0.56,18.6,395.82,215
2026-04-22T18:48:32.704070,attacker,2,DDoS_ICMP,0.0667,0.38,13.0,395.82,216
2026-04-22T18:48:32.749328,water-sensor,0,Backdoor,0.0667,0.59,32.4,395.82,217
2026-04-22T18:48:33.228333,attacker,2,DDoS_ICMP,0.0667,0.45,10.9,395.82,218
2026-04-22T18:48:33.765094,attacker,13,Vulnerability_scanner,0.0667,0.52,12.5,395.82,219
2026-04-22T18:48:33.785491,water-sensor,6,MITM,0.0667,0.73,13.0,395.82,220
2026-04-22T18:48:34.294086,attacker,8,Password,0.0667,0.38,10.1,395.82,221
2026-04-22T18:48:34.831356,water-sensor,10,Ransomware,0.0667,1.54,21.9,395.82,223
2026-04-22T18:48:34.836603,attacker,14,XSS,0.0667,0.60,16.7,395.82,223
2026-04-22T18:48:35.358099,attacker,6,MITM,0.0667,0.17,10.2,395.82,224
2026-04-22T18:48:35.861218,water-sensor,8,Password,0.0667,0.55,10.3,395.82,225
2026-04-22T18:48:35.878962,attacker,0,Backdoor,0.0667,0.23,23.1,395.82,226
2026-04-22T18:48:36.393967,attacker,6,MITM,0.0667,0.17,14.4,395.82,227
2026-04-22T18:48:36.878111,water-sensor,0,Backdoor,0.0667,0.32,40.3,395.82,228
2026-04-22T18:48:36.905114,attacker,1,DDoS_HTTP,0.0667,0.17,14.3,395.82,229
2026-04-22T18:48:37.417184,attacker,4,DDoS_UDP,0.0667,0.43,10.8,395.82,230
2026-04-22T18:48:37.888918,water-sensor,12,Uploading,0.0667,0.11,9.1,395.82,231
2026-04-22T18:48:37.929725,attacker,4,DDoS_UDP,0.0667,0.12,3.1,395.82,232
2026-04-22T18:48:38.439385,attacker,4,DDoS_UDP,0.0667,0.22,17.5,395.82,233
2026-04-22T18:48:38.907411,water-sensor,0,Backdoor,0.0667,0.36,13.9,395.82,234
2026-04-22T18:48:38.956796,attacker,1,DDoS_HTTP,0.0667,0.37,12.8,395.82,235
2026-04-22T18:48:39.478292,attacker,8,Password,0.0667,0.42,11.7,395.82,236
2026-04-22T18:48:39.921670,water-sensor,12,Uploading,0.0667,0.24,17.1,395.82,237
2026-04-22T18:48:39.998681,attacker,10,Ransomware,0.0667,0.20,6.6,395.82,238
2026-04-22T18:48:40.520922,attacker,8,Password,0.0667,0.52,11.2,395.82,239
2026-04-22T18:48:40.941854,water-sensor,4,DDoS_UDP,0.0667,0.71,11.7,395.82,240
2026-04-22T18:48:41.044710,attacker,13,Vulnerability_scanner,0.0667,0.58,8.6,395.82,241
2026-04-22T18:48:41.567423,attacker,12,Uploading,0.0667,0.41,13.8,395.82,242
2026-04-22T18:48:41.964166,water-sensor,4,DDoS_UDP,0.0667,0.23,10.3,395.82,243
2026-04-22T18:48:42.089032,attacker,3,DDoS_TCP,0.0667,0.47,6.1,395.82,244
2026-04-22T18:48:42.611225,attacker,4,DDoS_UDP,0.0667,0.39,13.9,395.82,245
2026-04-22T18:48:42.987705,water-sensor,6,MITM,0.0667,0.46,15.1,395.82,246
2026-04-22T18:48:43.134403,attacker,12,Uploading,0.0667,0.39,2.6,395.82,247
2026-04-22T18:48:43.658821,attacker,5,Fingerprinting,0.0667,0.82,10.6,395.82,248
2026-04-22T18:48:44.007966,water-sensor,11,SQL_injection,0.0667,0.37,11.2,395.82,249
2026-04-22T18:48:44.178826,attacker,0,Backdoor,0.0667,0.37,2.9,395.82,250
2026-04-22T18:48:44.698540,attacker,3,DDoS_TCP,0.0667,0.37,15.8,395.82,251
2026-04-22T18:48:45.027959,water-sensor,6,MITM,0.0667,0.38,10.9,395.82,252
2026-04-22T18:48:45.218333,attacker,14,XSS,0.0667,0.44,3.3,395.82,253
2026-04-22T18:48:45.742004,attacker,2,DDoS_ICMP,0.0667,0.55,11.6,395.82,254
2026-04-22T18:48:46.045899,water-sensor,11,SQL_injection,0.0667,0.32,9.4,395.82,255
2026-04-22T18:48:46.259048,attacker,5,Fingerprinting,0.0667,0.18,8.3,395.82,256
2026-04-22T18:48:46.776291,attacker,8,Password,0.0667,0.50,38.7,395.82,257
2026-04-22T18:48:47.066972,water-sensor,12,Uploading,0.0667,0.34,18.2,395.82,258
2026-04-22T18:48:47.294039,attacker,6,MITM,0.0667,0.35,11.5,395.82,259
2026-04-22T18:48:47.815091,attacker,3,DDoS_TCP,0.0667,0.58,11.5,395.82,260
2026-04-22T18:48:48.086308,water-sensor,12,Uploading,0.0667,0.32,5.0,395.82,261
2026-04-22T18:48:48.336679,attacker,11,SQL_injection,0.0667,0.35,10.1,395.82,262
2026-04-22T18:48:48.855216,attacker,0,Backdoor,0.0667,0.56,17.1,395.82,263
2026-04-22T18:48:49.104146,water-sensor,5,Fingerprinting,0.0667,0.39,4.0,395.82,264
2026-04-22T18:48:49.369162,attacker,1,DDoS_HTTP,0.0667,0.22,11.9,395.82,265
2026-04-22T18:48:49.885079,attacker,10,Ransomware,0.0667,0.24,9.8,395.82,266
2026-04-22T18:48:50.122726,water-sensor,11,SQL_injection,0.0667,0.37,3.7,395.82,267
2026-04-22T18:48:50.402166,attacker,7,Normal,0.0667,0.32,12.0,395.82,268
2026-04-22T18:48:50.921309,attacker,11,SQL_injection,0.0667,0.24,11.4,395.82,269
2026-04-22T18:48:51.141042,water-sensor,2,DDoS_ICMP,0.0667,0.24,10.2,395.82,270
2026-04-22T18:48:51.438045,attacker,10,Ransomware,0.0667,0.33,11.4,395.82,271
2026-04-22T18:48:51.954326,attacker,14,XSS,0.0667,0.21,5.9,395.82,272
2026-04-22T18:48:52.158252,water-sensor,4,DDoS_UDP,0.0667,0.20,5.5,395.82,273
2026-04-22T18:48:52.469167,attacker,7,Normal,0.0667,0.19,8.7,395.82,274
2026-04-22T18:48:52.988340,attacker,9,Port_Scanning,0.0667,0.34,8.3,395.82,275
2026-04-22T18:48:53.177449,water-sensor,9,Port_Scanning,0.0667,0.57,2.0,395.82,276
2026-04-22T18:48:53.505695,attacker,5,Fingerprinting,0.0667,0.23,14.9,395.82,277
2026-04-22T18:48:54.025549,attacker,5,Fingerprinting,0.0667,0.23,6.1,395.82,278
2026-04-22T18:48:54.200047,water-sensor,7,Normal,0.0667,0.43,5.8,395.82,279
2026-04-22T18:48:54.542604,attacker,13,Vulnerability_scanner,0.0667,0.37,14.5,395.82,280
2026-04-22T18:48:55.059018,attacker,6,MITM,0.0667,0.33,6.8,395.82,281
2026-04-22T18:48:55.221240,water-sensor,3,DDoS_TCP,0.0667,0.58,3.9,395.82,282
2026-04-22T18:48:55.571128,attacker,2,DDoS_ICMP,0.0667,0.18,16.4,395.82,283
2026-04-22T18:48:56.087366,attacker,7,Normal,0.0667,0.35,7.6,395.82,284
2026-04-22T18:48:56.237802,water-sensor,5,Fingerprinting,0.0667,0.28,12.5,395.82,285
2026-04-22T18:48:56.605916,attacker,0,Backdoor,0.0667,0.33,58.9,395.82,286
2026-04-22T18:48:57.123036,attacker,12,Uploading,0.0667,0.23,8.7,395.82,287
2026-04-22T18:48:57.256403,water-sensor,14,XSS,0.0667,0.37,12.8,395.82,288
2026-04-22T18:48:57.642526,attacker,4,DDoS_UDP,0.0667,0.37,21.3,395.82,289
2026-04-22T18:48:58.161601,attacker,13,Vulnerability_scanner,0.0667,0.23,6.3,395.82,290
2026-04-22T18:48:58.284148,water-sensor,3,DDoS_TCP,0.0667,0.71,18.2,395.82,291
2026-04-22T18:48:58.680095,attacker,1,DDoS_HTTP,0.0667,0.23,20.0,395.82,292
2026-04-22T18:48:59.336181,attacker,1,DDoS_HTTP,0.0667,0.49,12.9,395.82,293
2026-04-22T18:48:59.424830,water-sensor,13,Vulnerability_scanner,0.0667,0.64,23.3,395.82,294
2026-04-22T18:48:59.864330,attacker,5,Fingerprinting,0.0667,0.52,11.9,395.82,295
2026-04-22T18:49:00.385393,attacker,9,Port_Scanning,0.0667,0.23,8.3,395.82,296
2026-04-22T18:49:00.446530,water-sensor,14,XSS,0.0667,0.34,20.0,395.82,297
2026-04-22T18:49:00.902369,attacker,5,Fingerprinting,0.0667,0.17,11.0,395.82,298
2026-04-22T18:49:01.417606,attacker,3,DDoS_TCP,0.0667,0.34,6.1,395.82,299
2026-04-22T18:49:01.465998,water-sensor,6,MITM,0.0667,0.48,12.8,395.82,300
2026-04-22T18:49:01.936051,attacker,14,XSS,0.0667,0.50,11.8,395.82,301
2026-04-22T18:49:02.455447,attacker,11,SQL_injection,0.0667,0.30,7.5,395.82,302
2026-04-22T18:49:02.485585,water-sensor,7,Normal,0.0667,0.37,20.8,395.82,303
2026-04-22T18:49:02.978606,attacker,5,Fingerprinting,0.0667,0.38,14.0,395.82,304
2026-04-22T18:49:03.499686,attacker,0,Backdoor,0.0667,0.46,5.6,395.82,305
2026-04-22T18:49:03.513488,water-sensor,11,SQL_injection,0.0667,0.36,12.6,395.82,306
2026-04-22T18:49:04.016865,attacker,8,Password,0.0667,0.16,52.4,395.82,307
2026-04-22T18:49:04.534310,attacker,7,Normal,0.0667,0.55,11.4,395.82,308
2026-04-22T18:49:04.542458,water-sensor,11,SQL_injection,0.0667,0.33,31.5,395.82,309
2026-04-22T18:49:05.057866,attacker,11,SQL_injection,0.0667,0.49,13.1,395.82,310
2026-04-22T18:49:05.563952,water-sensor,2,DDoS_ICMP,0.0667,0.23,27.8,395.82,311
2026-04-22T18:49:05.577423,attacker,11,SQL_injection,0.0667,0.37,33.3,395.82,312
2026-04-22T18:49:06.098594,attacker,5,Fingerprinting,0.0667,0.38,7.5,395.82,313
2026-04-22T18:49:06.578685,water-sensor,13,Vulnerability_scanner,0.0667,0.18,28.4,395.82,314
2026-04-22T18:49:06.612651,attacker,8,Password,0.0667,0.16,69.0,395.82,315
2026-04-22T18:49:07.129887,attacker,12,Uploading,0.0667,0.33,25.5,395.82,316
2026-04-22T18:49:07.595559,water-sensor,12,Uploading,0.0667,0.45,22.7,395.82,317
2026-04-22T18:49:07.640981,attacker,4,DDoS_UDP,0.0667,0.11,5.7,395.82,318
2026-04-22T18:49:08.151517,attacker,0,Backdoor,0.0667,0.28,5.6,395.82,319
2026-04-22T18:49:08.609759,water-sensor,10,Ransomware,0.0667,0.35,8.1,395.82,320
2026-04-22T18:49:08.662980,attacker,8,Password,0.0667,0.13,4.9,395.82,321
2026-04-22T18:49:09.173340,attacker,0,Backdoor,0.0667,0.19,6.6,395.82,322
2026-04-22T18:49:09.622399,water-sensor,5,Fingerprinting,0.0667,0.31,9.0,395.82,323
2026-04-22T18:49:09.683468,attacker,8,Password,0.0667,0.18,4.1,395.82,324
2026-04-22T18:49:10.200546,attacker,9,Port_Scanning,0.0667,0.70,15.1,395.82,325
2026-04-22T18:49:10.639243,water-sensor,12,Uploading,0.0667,0.22,26.7,395.82,326
2026-04-22T18:49:10.718554,attacker,8,Password,0.0667,0.37,7.9,395.82,327
2026-04-22T18:49:11.239614,attacker,12,Uploading,0.0667,0.42,8.0,395.82,328
2026-04-22T18:49:11.663980,water-sensor,9,Port_Scanning,0.0667,0.79,11.3,395.82,329
2026-04-22T18:49:11.761891,attacker,12,Uploading,0.0667,0.36,16.0,395.82,330
2026-04-22T18:49:12.282112,attacker,9,Port_Scanning,0.0667,0.37,7.9,395.82,331
2026-04-22T18:49:12.689149,water-sensor,4,DDoS_UDP,0.0667,0.76,23.0,395.82,332
2026-04-22T18:49:12.805610,attacker,10,Ransomware,0.0667,0.46,37.0,395.82,333
2026-04-22T18:49:13.329097,attacker,13,Vulnerability_scanner,0.0667,0.24,14.7,395.82,334
2026-04-22T18:49:13.712185,water-sensor,10,Ransomware,0.0667,0.22,15.1,395.82,335
2026-04-22T18:49:13.853333,attacker,12,Uploading,0.0667,0.50,9.9,395.82,336
2026-04-22T18:49:14.381176,attacker,14,XSS,0.0667,0.37,8.3,395.82,337
2026-04-22T18:49:14.733997,water-sensor,14,XSS,0.0667,0.44,16.5,395.82,338
2026-04-22T18:49:14.903395,attacker,9,Port_Scanning,0.0667,0.45,14.3,395.82,339
2026-04-22T18:49:15.426327,attacker,6,MITM,0.0667,0.31,7.9,395.82,340
2026-04-22T18:49:15.754613,water-sensor,2,DDoS_ICMP,0.0667,0.37,12.2,395.82,341
2026-04-22T18:49:15.951265,attacker,14,XSS,0.0667,0.43,17.2,395.82,342
2026-04-22T18:49:16.464357,attacker,9,Port_Scanning,0.0667,0.17,12.3,395.82,343
2026-04-22T18:49:16.774563,water-sensor,0,Backdoor,0.0667,0.37,37.6,395.82,344
2026-04-22T18:49:16.982569,attacker,1,DDoS_HTTP,0.0667,0.37,16.5,395.82,345
2026-04-22T18:49:17.509458,attacker,1,DDoS_HTTP,0.0667,0.45,9.8,395.82,346
2026-04-23T06:37:12.732422,attacker,13,Vulnerability_scanner,0.0667,4.98,0.0,397.53,1
2026-04-23T06:37:13.248160,attacker,14,XSS,0.0667,0.37,6.5,397.53,2
2026-04-23T06:37:13.532700,water-sensor,0,Backdoor,0.0667,0.19,2.2,397.53,3
2026-04-23T06:37:13.766100,attacker,2,DDoS_ICMP,0.0667,0.39,1.1,397.53,4
2026-04-23T06:37:14.275826,attacker,13,Vulnerability_scanner,0.0667,0.16,3.2,397.53,5
2026-04-23T06:37:14.544927,water-sensor,14,XSS,0.0667,0.09,0.9,397.53,6
2026-04-23T06:37:14.790536,attacker,1,DDoS_HTTP,0.0667,0.34,0.5,397.53,7
2026-04-23T06:37:15.303969,attacker,4,DDoS_UDP,0.0667,0.34,4.4,397.53,8
2026-04-23T06:37:15.555729,water-sensor,2,DDoS_ICMP,0.0667,0.12,1.0,397.53,9
2026-04-23T06:37:15.820384,attacker,5,Fingerprinting,0.0667,0.22,0.5,397.53,10
2026-04-23T06:37:16.328744,attacker,13,Vulnerability_scanner,0.0667,0.10,1.0,397.53,11
2026-04-23T06:37:16.568522,water-sensor,1,DDoS_HTTP,0.0667,0.31,0.5,397.53,12
2026-04-23T06:37:16.843013,attacker,4,DDoS_UDP,0.0667,0.40,2.3,397.53,13
2026-04-23T06:37:17.352424,attacker,5,Fingerprinting,0.0667,0.09,3.4,397.53,14
2026-04-23T06:37:17.585655,water-sensor,3,DDoS_TCP,0.0667,0.29,1.1,397.53,15
2026-04-23T06:37:17.859180,attacker,13,Vulnerability_scanner,0.0667,0.14,14.6,397.53,16
2026-04-23T06:37:18.373587,attacker,9,Port_Scanning,0.0667,0.40,14.6,397.53,17
2026-04-23T06:37:18.592958,water-sensor,12,Uploading,0.0667,0.17,0.6,397.53,18
2026-04-23T06:37:18.883277,attacker,12,Uploading,0.0667,0.17,1.3,397.53,19
2026-04-23T06:37:19.396792,attacker,2,DDoS_ICMP,0.0667,0.12,2.7,397.53,20
2026-04-23T06:37:19.602266,water-sensor,4,DDoS_UDP,0.0667,0.17,2.4,397.53,21
2026-04-23T06:37:19.904852,attacker,1,DDoS_HTTP,0.0667,0.16,2.0,397.53,22
2026-04-23T06:37:20.420735,attacker,8,Password,0.0667,0.39,3.7,397.53,23
2026-04-23T06:37:20.617995,water-sensor,4,DDoS_UDP,0.0667,0.17,1.9,397.53,24
2026-04-23T06:37:20.934243,attacker,5,Fingerprinting,0.0667,0.26,2.7,397.53,25
2026-04-23T06:37:21.450013,attacker,5,Fingerprinting,0.0667,0.38,2.7,397.53,26
2026-04-23T06:37:21.629645,water-sensor,6,MITM,0.0667,0.20,1.4,397.53,27
2026-04-23T06:37:21.964339,attacker,3,DDoS_TCP,0.0667,0.18,1.1,397.53,28
2026-04-23T06:37:22.482627,attacker,10,Ransomware,0.0667,0.38,2.7,397.53,29
2026-04-23T06:37:22.642013,water-sensor,10,Ransomware,0.0667,0.10,1.6,397.53,30
2026-04-23T06:37:22.991233,attacker,4,DDoS_UDP,0.0667,0.18,1.1,397.53,31
2026-04-23T06:37:23.502021,attacker,5,Fingerprinting,0.0667,0.09,3.2,397.53,32
2026-04-23T06:37:23.649575,water-sensor,3,DDoS_TCP,0.0667,0.11,0.0,397.53,33
2026-04-23T06:37:24.011718,attacker,6,MITM,0.0667,0.09,0.7,397.53,34
2026-04-23T06:37:24.523882,attacker,10,Ransomware,0.0667,0.25,2.4,397.53,35
2026-04-23T06:37:24.658916,water-sensor,6,MITM,0.0667,0.20,0.9,397.53,36
2026-04-23T06:37:25.041646,attacker,13,Vulnerability_scanner,0.0667,0.33,3.3,397.53,37
2026-04-23T06:37:25.557515,attacker,5,Fingerprinting,0.0667,0.27,2.0,397.53,38
2026-04-23T06:37:25.674929,water-sensor,1,DDoS_HTTP,0.0667,0.38,3.2,397.53,39
2026-04-23T06:37:26.065886,attacker,11,SQL_injection,0.0667,0.11,1.9,397.53,40
2026-04-23T06:37:26.574667,attacker,0,Backdoor,0.0667,0.12,2.7,397.53,41
2026-04-23T06:37:26.684631,water-sensor,1,DDoS_HTTP,0.0667,0.13,1.1,397.53,42
2026-04-23T06:37:27.080202,attacker,8,Password,0.0667,0.12,3.5,397.53,43
2026-04-23T06:37:27.593067,attacker,9,Port_Scanning,0.0667,0.12,1.2,397.53,44
2026-04-23T06:37:27.692655,water-sensor,14,XSS,0.0667,0.22,7.8,397.53,45
2026-04-23T06:37:28.107069,attacker,2,DDoS_ICMP,0.0667,0.31,26.0,397.53,46
2026-04-23T06:37:28.621094,attacker,1,DDoS_HTTP,0.0667,0.09,3.4,397.53,47
2026-04-23T06:37:28.699364,water-sensor,13,Vulnerability_scanner,0.0667,0.08,3.1,397.53,48
2026-04-23T06:37:29.126399,attacker,4,DDoS_UDP,0.0667,0.07,3.8,397.53,49
2026-04-23T06:37:29.635151,attacker,6,MITM,0.0667,0.09,0.5,397.53,50
2026-04-23T06:37:29.707839,water-sensor,1,DDoS_HTTP,0.0667,0.15,1.7,397.53,51
2026-04-23T06:37:30.140556,attacker,7,Normal,0.0667,0.07,5.4,397.53,52
2026-04-23T06:37:30.649234,attacker,0,Backdoor,0.0667,0.09,0.2,397.53,53
2026-04-23T06:37:30.722351,water-sensor,11,SQL_injection,0.0667,0.21,3.4,397.53,54
2026-04-23T06:37:31.155008,attacker,6,MITM,0.0667,0.11,2.9,397.53,55
2026-04-23T06:37:31.666707,attacker,10,Ransomware,0.0667,0.39,0.5,397.53,56
2026-04-23T06:37:31.731114,water-sensor,2,DDoS_ICMP,0.0667,0.16,0.0,397.53,57
2026-04-23T06:37:32.174519,attacker,5,Fingerprinting,0.0667,0.11,3.4,397.53,58
2026-04-23T06:37:32.679923,attacker,2,DDoS_ICMP,0.0667,0.10,0.2,397.53,59
2026-04-23T06:37:32.741069,water-sensor,8,Password,0.0667,0.20,2.0,397.53,60
2026-04-23T06:37:33.186906,attacker,5,Fingerprinting,0.0667,0.11,3.6,397.53,61
2026-04-23T06:37:33.698812,attacker,6,MITM,0.0667,0.10,0.5,397.53,62
2026-04-23T06:37:33.755800,water-sensor,14,XSS,0.0667,0.30,2.3,397.53,63
2026-04-23T06:37:34.210322,attacker,8,Password,0.0667,0.33,2.8,397.53,64
2026-04-23T06:37:34.725154,attacker,3,DDoS_TCP,0.0667,0.33,0.5,397.53,65
2026-04-23T06:37:34.765432,water-sensor,11,SQL_injection,0.0667,0.08,3.1,397.53,66
2026-04-23T06:37:35.234296,attacker,10,Ransomware,0.0667,0.08,2.9,397.53,67
2026-04-23T06:37:35.861603,attacker,6,MITM,0.0667,0.08,1.5,397.53,68
2026-04-23T06:37:35.890341,water-sensor,3,DDoS_TCP,0.0667,0.09,0.0,397.53,69
2026-04-23T06:37:36.370724,attacker,8,Password,0.0667,0.19,4.4,397.53,70
2026-04-23T06:37:36.878312,attacker,11,SQL_injection,0.0667,0.17,14.2,397.53,71
2026-04-23T06:37:36.896590,water-sensor,14,XSS,0.0667,0.13,28.6,397.53,72
2026-04-23T06:37:37.394543,attacker,14,XSS,0.0667,0.31,4.3,397.53,73
2026-04-23T06:37:37.904373,water-sensor,7,Normal,0.0667,0.18,16.9,397.53,74
2026-04-23T06:37:37.909532,attacker,2,DDoS_ICMP,0.0667,0.19,0.0,397.66,75
2026-04-23T06:37:38.418813,attacker,7,Normal,0.0667,0.16,7.2,397.66,76
2026-04-23T06:37:38.914634,water-sensor,12,Uploading,0.0667,0.13,1.3,397.66,77
2026-04-23T06:37:38.924891,attacker,2,DDoS_ICMP,0.0667,0.10,11.1,397.66,78
2026-04-23T06:37:39.439649,attacker,14,XSS,0.0667,0.34,2.2,397.66,79
2026-04-23T06:37:39.922489,water-sensor,0,Backdoor,0.0667,0.19,1.8,397.66,80
2026-04-23T06:37:39.950498,attacker,0,Backdoor,0.0667,0.19,13.6,397.66,81
2026-04-23T06:37:40.461188,attacker,6,MITM,0.0667,0.12,3.4,397.66,82
2026-04-23T06:37:40.939032,water-sensor,7,Normal,0.0667,0.30,0.3,397.66,83
2026-04-23T06:37:40.974947,attacker,14,XSS,0.0667,0.21,7.1,397.66,84
2026-04-23T06:37:41.486641,attacker,0,Backdoor,0.0667,0.13,3.9,397.66,85
2026-04-23T06:37:41.951515,water-sensor,7,Normal,0.0667,0.12,0.0,397.78,86
2026-04-23T06:37:41.995914,attacker,13,Vulnerability_scanner,0.0667,0.19,2.9,397.78,87
2026-04-23T06:37:42.506579,attacker,13,Vulnerability_scanner,0.0667,0.09,2.7,397.78,88
2026-04-23T06:37:42.965127,water-sensor,10,Ransomware,0.0667,0.13,0.5,397.78,89
2026-04-23T06:37:43.013549,attacker,7,Normal,0.0667,0.10,5.3,397.78,90
2026-04-23T06:37:43.522381,attacker,11,SQL_injection,0.0667,0.12,2.2,397.78,91
2026-04-23T06:37:43.973008,water-sensor,8,Password,0.0667,0.19,0.3,397.78,92
2026-04-23T06:37:44.032774,attacker,12,Uploading,0.0667,0.16,8.3,397.78,93
2026-04-23T06:37:44.547948,attacker,1,DDoS_HTTP,0.0667,0.33,2.2,397.78,94
2026-04-23T06:37:44.983128,water-sensor,9,Port_Scanning,0.0667,0.09,0.6,397.78,95
2026-04-23T06:37:45.056757,attacker,10,Ransomware,0.0667,0.12,5.2,397.78,96
2026-04-23T06:37:45.566210,attacker,0,Backdoor,0.0667,0.13,3.2,397.78,97
2026-04-23T06:37:45.994213,water-sensor,12,Uploading,0.0667,0.09,0.3,397.78,98
2026-04-23T06:37:46.074722,attacker,12,Uploading,0.0667,0.13,7.5,397.78,99
2026-04-23T06:37:46.590028,attacker,14,XSS,0.0667,0.33,2.4,397.78,100
2026-04-23T06:37:47.003304,water-sensor,14,XSS,0.0667,0.17,0.3,397.78,101
2026-04-23T06:37:47.107121,attacker,5,Fingerprinting,0.0667,0.35,3.6,397.78,102
2026-04-23T06:37:47.616925,attacker,13,Vulnerability_scanner,0.0667,0.12,3.4,397.78,103
2026-04-23T06:37:48.014183,water-sensor,0,Backdoor,0.0667,0.13,28.1,397.78,104
2026-04-23T06:37:48.130131,attacker,6,MITM,0.0667,0.21,3.3,397.78,105
2026-04-23T06:37:48.647058,attacker,7,Normal,0.0667,0.21,4.1,397.78,106
2026-04-23T06:37:49.021002,water-sensor,3,DDoS_TCP,0.0667,0.10,2.0,397.78,107
2026-04-23T06:37:49.162128,attacker,13,Vulnerability_scanner,0.0667,0.23,1.8,397.78,108
2026-04-23T06:37:49.670355,attacker,1,DDoS_HTTP,0.0667,0.08,2.0,397.78,109
2026-04-23T06:37:50.027295,water-sensor,10,Ransomware,0.0667,0.13,2.8,397.78,110
2026-04-23T06:37:50.177709,attacker,0,Backdoor,0.0667,0.12,2.5,397.78,111
2026-04-23T06:37:50.686941,attacker,7,Normal,0.0667,0.13,2.0,397.78,112
2026-04-23T06:37:51.038086,water-sensor,11,SQL_injection,0.0667,0.08,1.4,397.78,113
2026-04-23T06:37:51.197777,attacker,7,Normal,0.0667,0.08,0.8,397.78,114
2026-04-23T06:37:51.705732,attacker,3,DDoS_TCP,0.0667,0.09,2.5,397.78,115
2026-04-23T06:37:52.046419,water-sensor,0,Backdoor,0.0667,0.11,1.1,397.78,116
2026-04-23T06:37:52.218159,attacker,4,DDoS_UDP,0.0667,0.33,1.5,397.78,117
2026-04-23T06:37:52.729794,attacker,8,Password,0.0667,0.13,2.2,397.78,118
2026-04-23T06:37:53.060187,water-sensor,11,SQL_injection,0.0667,0.34,1.9,397.78,119
2026-04-23T06:37:53.239075,attacker,13,Vulnerability_scanner,0.0667,0.13,0.7,397.78,120
2026-04-23T06:37:53.748886,attacker,14,XSS,0.0667,0.09,2.7,397.78,121
2026-04-23T06:37:54.076034,water-sensor,13,Vulnerability_scanner,0.0667,0.33,1.2,397.78,122
2026-04-23T06:37:54.254737,attacker,5,Fingerprinting,0.0667,0.10,2.8,397.78,123
2026-04-23T06:37:54.768548,attacker,1,DDoS_HTTP,0.0667,0.30,1.7,397.78,124
2026-04-23T06:37:55.084944,water-sensor,10,Ransomware,0.0667,0.09,1.6,397.78,125
2026-04-23T06:37:55.274775,attacker,3,DDoS_TCP,0.0667,0.12,2.0,397.78,126
2026-04-23T06:37:55.788438,attacker,14,XSS,0.0667,0.30,2.4,397.78,127
2026-04-23T06:37:56.093964,water-sensor,11,SQL_injection,0.0667,0.21,1.6,397.78,128
2026-04-23T06:37:56.295706,attacker,11,SQL_injection,0.0667,0.12,4.9,397.78,129
2026-04-23T06:37:56.804654,attacker,4,DDoS_UDP,0.0667,0.17,2.0,397.78,130
2026-04-23T06:37:57.109328,water-sensor,0,Backdoor,0.0667,0.39,0.4,397.78,131
2026-04-23T06:37:57.310270,attacker,12,Uploading,0.0667,0.13,5.6,397.78,132
2026-04-23T06:37:57.817260,attacker,14,XSS,0.0667,0.23,12.2,397.78,133
2026-04-23T06:37:58.125888,water-sensor,10,Ransomware,0.0667,0.22,14.9,397.78,134
2026-04-23T06:37:58.323753,attacker,9,Port_Scanning,0.0667,0.10,6.3,397.78,135
2026-04-23T06:37:58.833211,attacker,9,Port_Scanning,0.0667,0.16,0.2,397.78,136
2026-04-23T06:37:59.138274,water-sensor,7,Normal,0.0667,0.12,2.5,397.78,137
2026-04-23T06:37:59.340525,attacker,10,Ransomware,0.0667,0.09,3.8,397.78,138
2026-04-23T06:37:59.849209,attacker,3,DDoS_TCP,0.0667,0.09,0.5,397.78,139
2026-04-23T06:38:00.152805,water-sensor,12,Uploading,0.0667,0.21,3.7,397.78,140
2026-04-23T06:38:00.354906,attacker,2,DDoS_ICMP,0.0667,0.10,3.7,397.78,141
2026-04-23T06:38:00.867820,attacker,8,Password,0.0667,0.31,0.7,397.78,142
2026-04-23T06:38:01.169844,water-sensor,4,DDoS_UDP,0.0667,0.22,1.7,397.78,143
2026-04-23T06:38:01.376755,attacker,6,MITM,0.0667,0.09,6.5,397.78,144
2026-04-23T06:38:01.888601,attacker,9,Port_Scanning,0.0667,0.22,0.5,397.78,145
2026-04-23T06:38:02.185236,water-sensor,1,DDoS_HTTP,0.0667,0.31,2.5,397.78,146
2026-04-23T06:38:02.397006,attacker,13,Vulnerability_scanner,0.0667,0.10,5.8,397.78,147
2026-04-23T06:38:02.910179,attacker,7,Normal,0.0667,0.22,1.0,397.78,148
2026-04-23T06:38:03.198003,water-sensor,12,Uploading,0.0667,0.09,1.3,397.78,149
2026-04-23T06:38:03.418266,attacker,1,DDoS_HTTP,0.0667,0.11,6.7,397.78,150
2026-04-23T06:38:03.927482,attacker,7,Normal,0.0667,0.09,0.7,397.78,151
2026-04-23T06:38:04.210411,water-sensor,6,MITM,0.0667,0.30,1.8,397.78,152
2026-04-23T06:38:04.438990,attacker,13,Vulnerability_scanner,0.0667,0.18,3.9,397.78,153
2026-04-23T06:38:04.949326,attacker,5,Fingerprinting,0.0667,0.09,0.7,397.78,154
2026-04-23T06:38:05.218271,water-sensor,14,XSS,0.0667,0.14,10.2,397.78,155
2026-04-23T06:38:05.456166,attacker,6,MITM,0.0667,0.14,51.4,397.78,156
2026-04-23T06:38:06.073448,attacker,1,DDoS_HTTP,0.0667,0.12,17.2,397.78,157
2026-04-23T06:38:06.334104,water-sensor,6,MITM,0.0667,0.12,1.4,397.78,158
2026-04-23T06:38:06.588229,attacker,2,DDoS_ICMP,0.0667,0.33,4.5,397.78,159
2026-04-23T06:38:07.104612,attacker,11,SQL_injection,0.0667,0.30,7.1,397.78,160
2026-04-23T06:38:07.346695,water-sensor,7,Normal,0.0667,0.08,2.6,397.78,161
2026-04-23T06:38:07.623833,attacker,12,Uploading,0.0667,0.23,3.6,397.78,162
2026-04-23T06:38:08.138878,attacker,0,Backdoor,0.0667,0.61,22.6,397.78,163
2026-04-23T06:38:08.360025,water-sensor,2,DDoS_ICMP,0.0667,0.13,1.7,397.91,164
2026-04-23T06:38:08.657870,attacker,11,SQL_injection,0.0667,0.35,4.2,397.91,165
2026-04-23T06:38:09.168357,attacker,9,Port_Scanning,0.0667,0.11,1.7,397.91,166
2026-04-23T06:38:09.369774,water-sensor,10,Ransomware,0.0667,0.12,0.6,397.91,167
2026-04-23T06:38:09.680290,attacker,8,Password,0.0667,0.09,4.4,397.91,168
2026-04-23T06:38:10.194483,attacker,11,SQL_injection,0.0667,0.24,2.4,397.91,169
2026-04-23T06:38:10.383757,water-sensor,14,XSS,0.0667,0.22,1.3,397.91,170
2026-04-23T06:38:10.711603,attacker,11,SQL_injection,0.0667,0.32,3.1,397.91,171
2026-04-23T06:38:11.220846,attacker,7,Normal,0.0667,0.11,1.2,397.91,172
2026-04-23T06:38:11.396200,water-sensor,1,DDoS_HTTP,0.0667,0.12,1.4,397.91,173
2026-04-23T06:38:11.735092,attacker,10,Ransomware,0.0667,0.22,3.7,397.91,174
2026-04-23T06:38:12.250296,attacker,2,DDoS_ICMP,0.0667,0.33,1.0,397.91,175
2026-04-23T06:38:12.411366,water-sensor,3,DDoS_TCP,0.0667,0.22,0.8,397.91,176
2026-04-23T06:38:12.759158,attacker,12,Uploading,0.0667,0.11,2.9,397.91,177
2026-04-23T06:38:13.272639,attacker,9,Port_Scanning,0.0667,0.21,0.7,397.91,178
2026-04-23T06:38:13.424223,water-sensor,1,DDoS_HTTP,0.0667,0.13,2.5,397.91,179
2026-04-23T06:38:13.785834,attacker,11,SQL_injection,0.0667,0.11,4.1,397.91,180
2026-04-23T06:38:14.294745,attacker,9,Port_Scanning,0.0667,0.13,1.2,397.91,181
2026-04-23T06:38:14.431583,water-sensor,8,Password,0.0667,0.11,1.9,397.91,182
2026-04-23T06:38:14.808424,attacker,3,DDoS_TCP,0.0667,0.33,2.3,397.91,183
2026-04-23T06:38:15.317281,attacker,6,MITM,0.0667,0.09,1.0,397.91,184
2026-04-23T06:38:15.437475,water-sensor,10,Ransomware,0.0667,0.07,4.2,397.91,185
2026-04-23T06:38:15.826268,attacker,4,DDoS_UDP,0.0667,0.09,2.3,397.91,186
2026-04-23T06:38:16.334491,attacker,10,Ransomware,0.0667,0.09,0.7,397.91,187
2026-04-23T06:38:16.443017,water-sensor,7,Normal,0.0667,0.10,3.4,397.91,188
2026-04-23T06:38:16.847814,attacker,13,Vulnerability_scanner,0.0667,0.33,2.2,397.91,189
2026-04-23T06:38:17.356238,attacker,7,Normal,0.0667,0.10,0.7,397.91,190
2026-04-23T06:38:17.448401,water-sensor,11,SQL_injection,0.0667,0.11,4.1,397.91,191
2026-04-23T06:38:17.863152,attacker,3,DDoS_TCP,0.0667,0.17,4.9,397.91,192
2026-04-23T06:38:18.369481,attacker,7,Normal,0.0667,0.12,22.7,397.91,193
2026-04-23T06:38:18.454981,water-sensor,11,SQL_injection,0.0667,0.18,5.9,397.91,194
2026-04-23T06:38:18.877413,attacker,14,XSS,0.0667,0.14,1.8,397.91,195
2026-04-23T06:38:19.386334,attacker,11,SQL_injection,0.0667,0.10,1.0,397.91,196
2026-04-23T06:38:19.461463,water-sensor,5,Fingerprinting,0.0667,0.33,8.1,397.91,197
2026-04-23T06:38:19.899264,attacker,2,DDoS_ICMP,0.0667,0.33,1.4,397.91,198
2026-04-23T06:38:20.408475,attacker,14,XSS,0.0667,0.09,1.0,397.91,199
2026-04-23T06:38:20.467975,water-sensor,5,Fingerprinting,0.0667,0.13,13.7,397.91,200
2026-04-23T06:38:20.916581,attacker,13,Vulnerability_scanner,0.0667,0.12,0.8,397.91,201
2026-04-23T06:38:21.424857,attacker,13,Vulnerability_scanner,0.0667,0.13,1.0,397.91,202
2026-04-23T06:38:21.474287,water-sensor,3,DDoS_TCP,0.0667,0.12,10.0,397.91,203
2026-04-23T06:38:21.939162,attacker,4,DDoS_UDP,0.0667,0.21,1.9,397.91,204
2026-04-23T06:38:22.448856,attacker,3,DDoS_TCP,0.0667,0.14,0.5,397.91,205
2026-04-23T06:38:22.480923,water-sensor,2,DDoS_ICMP,0.0667,0.13,18.5,397.91,206
2026-04-23T06:38:22.958405,attacker,13,Vulnerability_scanner,0.0667,0.09,1.6,397.91,207
2026-04-23T06:38:23.464048,attacker,13,Vulnerability_scanner,0.0667,0.11,2.2,397.91,208
2026-04-23T06:38:23.488113,water-sensor,11,SQL_injection,0.0667,0.11,10.5,397.91,209
2026-04-23T06:38:23.974738,attacker,2,DDoS_ICMP,0.0667,0.12,2.6,397.91,210
2026-04-23T06:38:24.480106,attacker,9,Port_Scanning,0.0667,0.12,1.2,397.91,211
2026-04-23T06:38:24.494012,water-sensor,13,Vulnerability_scanner,0.0667,0.11,16.7,397.91,212
2026-04-23T06:38:24.993321,attacker,0,Backdoor,0.0667,0.30,1.5,397.91,213
2026-04-23T06:38:25.502312,water-sensor,2,DDoS_ICMP,0.0667,0.13,3.5,397.91,215
2026-04-23T06:38:25.502753,attacker,9,Port_Scanning,0.0667,0.17,2.2,397.91,215
2026-04-23T06:38:26.014284,attacker,6,MITM,0.0667,0.12,2.0,397.91,216
2026-04-23T06:38:26.509409,water-sensor,1,DDoS_HTTP,0.0667,0.15,1.8,397.91,217
2026-04-23T06:38:26.519344,attacker,3,DDoS_TCP,0.0667,0.11,25.0,397.91,218
2026-04-23T06:38:27.028223,attacker,6,MITM,0.0667,0.16,0.5,397.91,219
2026-04-23T06:38:27.515383,water-sensor,8,Password,0.0667,0.12,2.6,397.91,220
2026-04-23T06:38:27.534011,attacker,0,Backdoor,0.0667,0.09,18.7,397.91,221
2026-04-23T06:38:28.047004,attacker,12,Uploading,0.0667,0.22,19.7,397.91,222
2026-04-23T06:38:28.521248,water-sensor,10,Ransomware,0.0667,0.17,2.9,397.91,223
2026-04-23T06:38:28.555623,attacker,8,Password,0.0667,0.09,7.1,397.91,224
2026-04-23T06:38:29.061270,attacker,10,Ransomware,0.0667,0.11,0.5,397.91,225
2026-04-23T06:38:29.527326,water-sensor,14,XSS,0.0667,0.12,1.9,397.91,226
2026-04-23T06:38:29.566404,attacker,8,Password,0.0667,0.09,9.4,397.91,227
2026-04-23T06:38:30.072096,attacker,13,Vulnerability_scanner,0.0667,0.09,1.5,397.91,228
2026-04-23T06:38:30.533791,water-sensor,9,Port_Scanning,0.0667,0.12,2.7,397.91,229
2026-04-23T06:38:30.577641,attacker,6,MITM,0.0667,0.09,2.9,397.91,230
2026-04-23T06:38:31.086779,attacker,8,Password,0.0667,0.12,0.5,397.91,231
2026-04-23T06:38:31.538932,water-sensor,1,DDoS_HTTP,0.0667,0.13,2.8,397.91,232
2026-04-23T06:38:31.592371,attacker,7,Normal,0.0667,0.11,0.0,397.91,233
2026-04-23T06:38:32.103003,attacker,11,SQL_injection,0.0667,0.30,0.7,397.91,234
2026-04-23T06:38:32.544457,water-sensor,12,Uploading,0.0667,0.07,2.8,397.91,235
2026-04-23T06:38:32.611009,attacker,10,Ransomware,0.0667,0.11,3.7,397.91,236
2026-04-23T06:38:33.120661,attacker,11,SQL_injection,0.0667,0.09,1.2,397.91,237
2026-04-23T06:38:33.550042,water-sensor,13,Vulnerability_scanner,0.0667,0.11,2.9,397.91,238
2026-04-23T06:38:33.633849,attacker,5,Fingerprinting,0.0667,0.34,4.5,397.91,239
2026-04-23T06:38:34.143995,attacker,10,Ransomware,0.0667,0.10,1.0,397.91,240
2026-04-23T06:38:34.555925,water-sensor,13,Vulnerability_scanner,0.0667,0.09,1.8,397.91,241
2026-04-23T06:38:34.655701,attacker,11,SQL_injection,0.0667,0.21,1.3,397.91,242
2026-04-23T06:38:35.167085,attacker,7,Normal,0.0667,0.12,1.2,397.91,243
2026-04-23T06:38:35.561835,water-sensor,5,Fingerprinting,0.0667,0.10,2.5,397.91,244
2026-04-23T06:38:35.678529,attacker,10,Ransomware,0.0667,0.22,1.1,397.91,245
2026-04-23T06:38:36.306160,attacker,3,DDoS_TCP,0.0667,0.11,1.2,397.91,246
2026-04-23T06:38:36.687799,water-sensor,9,Port_Scanning,0.0667,0.07,3.6,397.91,247
2026-04-23T06:38:36.822757,attacker,13,Vulnerability_scanner,0.0667,0.50,1.9,397.91,248
2026-04-23T06:38:37.336744,attacker,14,XSS,0.0667,0.11,1.5,397.91,249
2026-04-23T06:38:37.692917,water-sensor,9,Port_Scanning,0.0667,0.08,3.9,397.91,250
2026-04-23T06:38:37.844151,attacker,8,Password,0.0667,0.14,11.6,397.91,251
2026-04-23T06:38:38.355849,attacker,5,Fingerprinting,0.0667,0.09,16.0,397.91,252
2026-04-23T06:38:38.699233,water-sensor,10,Ransomware,0.0667,0.08,2.9,397.91,253
2026-04-23T06:38:38.865297,attacker,3,DDoS_TCP,0.0667,0.17,0.8,397.91,254
2026-04-23T06:38:39.375536,attacker,4,DDoS_UDP,0.0667,0.09,1.7,397.91,255
2026-04-23T06:38:39.704094,water-sensor,4,DDoS_UDP,0.0667,0.11,4.5,397.91,256
2026-04-23T06:38:39.887741,attacker,7,Normal,0.0667,0.08,0.0,397.91,257
2026-04-23T06:38:40.398218,attacker,5,Fingerprinting,0.0667,0.14,1.7,397.91,258
2026-04-23T06:38:40.710120,water-sensor,1,DDoS_HTTP,0.0667,0.07,2.4,397.91,259
2026-04-23T06:38:40.905438,attacker,6,MITM,0.0667,0.11,1.3,397.91,260
2026-04-23T06:38:41.418503,attacker,12,Uploading,0.0667,0.33,0.7,397.91,261
2026-04-23T06:38:41.716241,water-sensor,3,DDoS_TCP,0.0667,0.09,4.2,397.91,262
2026-04-23T06:38:41.933642,attacker,7,Normal,0.0667,0.34,1.2,397.91,263
2026-04-23T06:38:42.446433,attacker,3,DDoS_TCP,0.0667,0.09,0.7,397.91,264
2026-04-23T06:38:42.722114,water-sensor,6,MITM,0.0667,0.07,3.6,397.91,265
2026-04-23T06:38:42.954361,attacker,3,DDoS_TCP,0.0667,0.09,1.6,397.91,266
2026-04-23T06:38:43.462821,attacker,14,XSS,0.0667,0.09,0.7,397.91,267
2026-04-23T06:38:43.727795,water-sensor,6,MITM,0.0667,0.10,5.1,397.91,268
2026-04-23T06:38:43.969791,attacker,12,Uploading,0.0667,0.10,0.5,397.91,269
2026-04-23T06:38:44.483179,attacker,12,Uploading,0.0667,0.33,1.0,397.91,270
2026-04-23T06:38:44.732474,water-sensor,2,DDoS_ICMP,0.0667,0.10,2.5,397.91,271
2026-04-23T06:38:44.992315,attacker,1,DDoS_HTTP,0.0667,0.13,1.0,397.91,272
2026-04-23T06:38:45.505122,attacker,13,Vulnerability_scanner,0.0667,0.33,0.5,397.91,273
2026-04-23T06:38:45.738635,water-sensor,2,DDoS_ICMP,0.0667,0.11,4.8,397.91,274
2026-04-23T06:38:46.014550,attacker,3,DDoS_TCP,0.0667,0.10,0.9,397.91,275
2026-04-23T06:38:46.527003,attacker,11,SQL_injection,0.0667,0.33,0.7,397.91,276
2026-04-23T06:38:46.744240,water-sensor,4,DDoS_UDP,0.0667,0.10,4.0,397.91,277
2026-04-23T06:38:47.034669,attacker,4,DDoS_UDP,0.0667,0.11,0.9,397.91,278
2026-04-23T06:38:47.543839,attacker,5,Fingerprinting,0.0667,0.09,0.5,397.91,279
2026-04-23T06:38:47.749838,water-sensor,13,Vulnerability_scanner,0.0667,0.09,6.0,397.91,280
2026-04-23T06:38:48.054603,attacker,0,Backdoor,0.0667,0.33,31.1,397.91,281
2026-04-23T06:38:48.567662,attacker,12,Uploading,0.0667,0.09,1.7,397.91,282
2026-04-23T06:38:48.755654,water-sensor,13,Vulnerability_scanner,0.0667,0.07,5.9,397.91,283
2026-04-23T06:38:49.079636,attacker,5,Fingerprinting,0.0667,0.31,1.2,397.91,284
2026-04-23T06:38:49.591096,attacker,2,DDoS_ICMP,0.0667,0.09,1.2,397.91,285
2026-04-23T06:38:49.760137,water-sensor,11,SQL_injection,0.0667,0.11,8.0,397.91,286
2026-04-23T06:38:50.097320,attacker,2,DDoS_ICMP,0.0667,0.19,2.6,397.91,287
2026-04-23T06:38:50.606066,attacker,4,DDoS_UDP,0.0667,0.12,1.0,397.91,288
2026-04-23T06:38:50.766146,water-sensor,7,Normal,0.0667,0.07,5.5,397.91,289
2026-04-23T06:38:51.119181,attacker,9,Port_Scanning,0.0667,0.21,1.1,397.91,290
2026-04-23T06:38:51.633840,attacker,7,Normal,0.0667,0.46,1.0,397.91,291
2026-04-23T06:38:51.772458,water-sensor,8,Password,0.0667,0.11,5.5,397.91,292
2026-04-23T06:38:52.148365,attacker,6,MITM,0.0667,0.33,1.0,397.91,293
2026-04-23T06:38:52.657977,attacker,11,SQL_injection,0.0667,0.10,0.7,397.91,294
2026-04-23T06:38:52.778662,water-sensor,1,DDoS_HTTP,0.0667,0.08,6.3,397.91,295
2026-04-23T06:38:53.169737,attacker,13,Vulnerability_scanner,0.0667,0.19,0.6,397.91,296
2026-04-23T06:38:53.676393,attacker,0,Backdoor,0.0667,0.12,0.7,397.91,297
2026-04-23T06:38:53.784134,water-sensor,10,Ransomware,0.0667,0.11,8.1,397.91,298
2026-04-23T06:38:54.185546,attacker,6,MITM,0.0667,0.09,0.3,397.91,299
2026-04-23T06:38:54.690498,attacker,14,XSS,0.0667,0.13,1.5,397.91,300
2026-04-23T06:38:54.790536,water-sensor,4,DDoS_UDP,0.0667,0.08,6.2,397.91,301
2026-04-23T06:38:55.198899,attacker,1,DDoS_HTTP,0.0667,0.09,0.6,397.91,302
2026-04-23T06:38:55.704575,attacker,11,SQL_injection,0.0667,0.10,1.5,397.91,303
2026-04-23T06:38:55.796024,water-sensor,0,Backdoor,0.0667,0.09,9.5,397.91,304
2026-04-23T06:38:56.217471,attacker,0,Backdoor,0.0667,0.34,0.3,397.91,305
2026-04-23T06:38:56.723992,attacker,9,Port_Scanning,0.0667,0.14,2.5,397.91,306
2026-04-23T06:38:56.802179,water-sensor,12,Uploading,0.0667,0.09,3.3,397.91,307
2026-04-23T06:38:57.234055,attacker,0,Backdoor,0.0667,0.11,0.9,397.91,308
2026-04-23T06:38:57.741641,attacker,1,DDoS_HTTP,0.0667,0.24,1.2,397.91,309
2026-04-23T06:38:57.809397,water-sensor,3,DDoS_TCP,0.0667,0.18,42.1,397.91,310
2026-04-23T06:38:58.255273,attacker,8,Password,0.0667,0.34,19.5,397.91,311
2026-04-23T06:38:58.763895,attacker,6,MITM,0.0667,0.09,2.9,397.91,312
2026-04-23T06:38:58.816347,water-sensor,8,Password,0.0667,0.11,0.0,397.91,313
2026-04-23T06:38:59.273702,attacker,12,Uploading,0.0667,0.30,1.4,397.91,314
2026-04-23T06:38:59.781040,attacker,7,Normal,0.0667,0.11,2.2,397.91,315
2026-04-23T06:38:59.822316,water-sensor,9,Port_Scanning,0.0667,0.11,3.0,397.91,316
2026-04-23T06:39:00.292495,attacker,3,DDoS_TCP,0.0667,0.19,2.1,397.91,317
2026-04-23T06:39:00.798929,attacker,1,DDoS_HTTP,0.0667,0.11,2.5,397.91,318
2026-04-23T06:39:00.828992,water-sensor,13,Vulnerability_scanner,0.0667,0.09,4.0,397.91,319
2026-04-23T06:39:01.307926,attacker,14,XSS,0.0667,0.11,0.3,397.91,320
2026-04-23T06:39:01.813148,attacker,4,DDoS_UDP,0.0667,0.12,3.4,397.91,321
2026-04-23T06:39:01.835348,water-sensor,6,MITM,0.0667,0.07,0.0,397.91,322
2026-04-23T06:39:02.323050,attacker,6,MITM,0.0667,0.25,0.8,397.91,323
2026-04-23T06:39:02.829916,attacker,9,Port_Scanning,0.0667,0.12,2.2,397.91,324
2026-04-23T06:39:02.839785,water-sensor,9,Port_Scanning,0.0667,0.10,0.0,397.91,325
2026-04-23T06:39:03.337593,attacker,5,Fingerprinting,0.0667,0.08,0.8,397.91,326
2026-04-23T06:39:03.847445,water-sensor,1,DDoS_HTTP,0.0667,0.14,2.8,397.91,328
2026-04-23T06:39:03.849499,attacker,3,DDoS_TCP,0.0667,0.22,2.2,397.91,328
2026-04-23T06:39:04.365044,attacker,2,DDoS_ICMP,0.0667,0.29,1.7,397.91,329
2026-04-23T06:39:04.860334,water-sensor,6,MITM,0.0667,0.29,2.0,397.91,330
2026-04-23T06:39:04.879007,attacker,3,DDoS_TCP,0.0667,0.27,20.0,397.91,331
2026-04-23T06:39:05.388346,attacker,7,Normal,0.0667,0.12,2.5,397.91,332
2026-04-23T06:39:05.977764,water-sensor,12,Uploading,0.0667,0.13,29.7,397.91,333
2026-04-23T06:39:06.002333,attacker,6,MITM,0.0667,0.13,33.3,397.91,334
2026-04-23T06:39:06.515197,attacker,3,DDoS_TCP,0.0667,0.09,4.4,397.91,335
2026-04-23T06:39:06.985220,water-sensor,9,Port_Scanning,0.0667,0.15,8.7,397.91,336
2026-04-23T06:39:07.021892,attacker,2,DDoS_ICMP,0.0667,0.17,28.0,397.91,337
2026-04-23T06:39:07.533375,attacker,5,Fingerprinting,0.0667,0.12,0.2,397.91,338
2026-04-23T06:39:07.996638,water-sensor,7,Normal,0.0667,0.19,24.2,397.91,339
2026-04-23T06:39:08.040078,attacker,7,Normal,0.0667,0.12,43.3,397.91,340
2026-04-23T06:39:08.551342,attacker,3,DDoS_TCP,0.0667,0.13,1.5,397.91,341
2026-04-23T06:39:09.015735,water-sensor,9,Port_Scanning,0.0667,0.37,3.2,397.91,342
2026-04-23T06:39:09.057332,attacker,10,Ransomware,0.0667,0.11,14.3,397.91,343
2026-04-23T06:39:09.573920,attacker,10,Ransomware,0.0667,0.51,1.0,397.91,344
2026-04-23T06:39:10.032652,water-sensor,3,DDoS_TCP,0.0667,0.34,3.0,397.91,345
2026-04-23T06:39:10.082318,attacker,13,Vulnerability_scanner,0.0667,0.07,16.7,397.91,346
2026-04-23T06:39:10.591915,attacker,12,Uploading,0.0667,0.13,0.7,397.91,347
2026-04-23T06:39:11.047507,water-sensor,13,Vulnerability_scanner,0.0667,0.33,2.7,397.91,348
2026-04-23T06:39:11.099795,attacker,9,Port_Scanning,0.0667,0.11,2.4,397.91,349
2026-04-23T06:39:11.606719,attacker,10,Ransomware,0.0667,0.12,1.2,397.91,350
2026-04-23T06:39:12.058949,water-sensor,3,DDoS_TCP,0.0667,0.12,1.9,397.91,351
2026-04-23T06:39:12.115044,attacker,2,DDoS_ICMP,0.0667,0.17,4.3,397.91,352
2026-04-23T06:39:12.630855,attacker,3,DDoS_TCP,0.0667,0.21,1.2,397.91,353
2026-04-23T06:39:13.072764,water-sensor,4,DDoS_UDP,0.0667,0.34,2.5,397.91,354
2026-04-23T06:39:13.138545,attacker,10,Ransomware,0.0667,0.10,1.9,397.91,355
2026-04-23T06:39:13.646008,attacker,3,DDoS_TCP,0.0667,0.10,1.0,397.91,356
2026-04-23T06:39:14.082927,water-sensor,5,Fingerprinting,0.0667,0.12,3.4,397.91,357
2026-04-23T06:39:14.156885,attacker,5,Fingerprinting,0.0667,0.19,1.7,397.91,358
2026-04-23T06:39:14.665860,attacker,5,Fingerprinting,0.0667,0.10,6.9,397.91,359
2026-04-23T06:39:15.096760,water-sensor,13,Vulnerability_scanner,0.0667,0.49,3.8,397.91,360
2026-04-23T06:39:15.173644,attacker,9,Port_Scanning,0.0667,0.10,1.6,397.91,361
